,0,1,2,3,4,5,6,7,8,9,10,11,12,13,14,15,16,17,18,19,20,21,22,23,24,25,26,27,28,29,30,31,32,33,34,35,36,37,38,39,40,41,42,43,44,45,46,47,48,49,50,51,52,53,54,55,56,57,58,59,60,61,62,63,64,65,66,67,68,69,70,71,72,73,74,75,76,77,78,79,80,81,82,83,84,85,86,87,88,89,90,91,92,93,94,95,96,97,98,99,100,101,102,103,104,105,106,107,108,109,110,111,112,113,114,115,116,117,118,119,120,121,122,123,124,125,126,127,128,129,130,131,132,133,134,135,136,137,138,139,140,141,142,143,144,145,146,147,148,149,150,151,152,153,154,155,156,157,158,159,160,161,162,163,164,165,166,167,168,169,170,171,172,173,174,175,176,177,178,179,180,181,182,183,184,185,186,Target
2384,0.8950413465499878,0.8561983704566956,0.839669406414032,0.8280991911888121,0.8842975497245789,0.8702479600906371,0.8743801712989806,0.7834710478782653,0.6768594980239868,0.64462810754776,0.6322314143180847,0.5942148566246033,0.6239669322967529,0.6066115498542786,0.6099173426628113,0.6223140358924866,0.6099173426628113,0.6314049363136292,0.6099173426628113,0.6719008088111876,0.8107438087463379,0.8859503865242003,1.0,0.8933884501457214,0.4942148625850677,0.1090909093618392,0.0,0.0388429760932922,0.2057851254940032,0.4933884441852569,0.6173553466796875,0.5867768526077272,0.4611570239067077,0.2884297668933868,0.2297520637512207,0.2900826334953308,0.3595041334629059,0.5024793148040771,0.5595041513442993,0.5826446413993835,0.6206611394882202,0.5842975378036499,0.6173553466796875,0.5925619602203369,0.6033057570457457,0.628925621509552,0.5776859521865845,0.6024793386459352,0.6090909242630005,0.6330578327178955,0.6272727251052856,0.6198347210884094,0.6495867967605591,0.6438016295433044,0.6586776971817017,0.6826446056365967,0.7008264660835266,0.6925619840621948,0.6966941952705383,0.7256198525428773,0.742148756980896,0.7404958605766296,0.0,0.0,0.0,0.0,0.0,0.0,0.0,0.0,0.0,0.0,0.0,0.0,0.0,0.0,0.0,0.0,0.0,0.0,0.0,0.0,0.0,0.0,0.0,0.0,0.0,0.0,0.0,0.0,0.0,0.0,0.0,0.0,0.0,0.0,0.0,0.0,0.0,0.0,0.0,0.0,0.0,0.0,0.0,0.0,0.0,0.0,0.0,0.0,0.0,0.0,0.0,0.0,0.0,0.0,0.0,0.0,0.0,0.0,0.0,0.0,0.0,0.0,0.0,0.0,0.0,0.0,0.0,0.0,0.0,0.0,0.0,0.0,0.0,0.0,0.0,0.0,0.0,0.0,0.0,0.0,0.0,0.0,0.0,0.0,0.0,0.0,0.0,0.0,0.0,0.0,0.0,0.0,0.0,0.0,0.0,0.0,0.0,0.0,0.0,0.0,0.0,0.0,0.0,0.0,0.0,0.0,0.0,0.0,0.0,0.0,0.0,0.0,0.0,0.0,0.0,0.0,0.0,0.0,0.0,0.0,0.0,0.0,0.0,0.0,0.0,1.0
2298,0.9708920121192932,0.4065727591514587,0.0516431927680969,0.0657276958227157,0.1840375512838364,0.2056338042020797,0.2384976595640182,0.227230042219162,0.2347417771816253,0.2713615000247956,0.2394366264343261,0.2694835662841797,0.2572769820690155,0.2788732349872588,0.3051643073558807,0.2751173675060272,0.31455397605896,0.3107981085777282,0.3173708915710448,0.3370892107486725,0.3267605602741241,0.3483568131923675,0.3323943614959717,0.3295774757862091,0.3549295663833618,0.3211267590522766,0.3211267590522766,0.2929577529430389,0.2873239517211914,0.3136150240898132,0.2788732349872588,0.290140837430954,0.2610328495502472,0.2497652620077133,0.265727698802948,0.2112676054239272,0.2159624397754669,0.1915493011474609,0.1859154999256134,0.214084506034851,0.1896713674068451,0.2122065722942352,0.2037558704614639,0.1990610361099243,0.2422535270452499,0.1971831023693084,0.2291079759597778,0.2178403735160828,0.1962441354990005,0.2356807440519333,0.214084506034851,0.2694835662841797,0.2788732349872588,0.2938967049121856,0.34272301197052,0.3981220722198486,0.430046945810318,0.4291079938411712,0.4507042169570922,0.455399066209793,0.3352112770080566,0.2741784155368805,0.1953051686286926,0.190610334277153,0.1746478825807571,0.1380281746387481,0.1483568102121353,0.1361502408981323,0.1436619758605957,0.1849765330553054,0.2441314607858657,0.1708920150995254,0.2037558704614639,0.3774648010730744,1.0,0.4854460060596465,0.0957746505737304,0.0,0.0685446038842201,0.1708920150995254,0.1558685451745987,0.1774647831916809,0.175586849451065,0.1840375512838364,0.2093896716833114,0.1962441354990005,0.202816903591156,0.2084507048130035,0.2178403735160828,0.0,0.0,0.0,0.0,0.0,0.0,0.0,0.0,0.0,0.0,0.0,0.0,0.0,0.0,0.0,0.0,0.0,0.0,0.0,0.0,0.0,0.0,0.0,0.0,0.0,0.0,0.0,0.0,0.0,0.0,0.0,0.0,0.0,0.0,0.0,0.0,0.0,0.0,0.0,0.0,0.0,0.0,0.0,0.0,0.0,0.0,0.0,0.0,0.0,0.0,0.0,0.0,0.0,0.0,0.0,0.0,0.0,0.0,0.0,0.0,0.0,0.0,0.0,0.0,0.0,0.0,0.0,0.0,0.0,0.0,0.0,0.0,0.0,0.0,0.0,0.0,0.0,0.0,0.0,0.0,0.0,0.0,0.0,0.0,0.0,0.0,0.0,0.0,0.0,0.0,0.0,0.0,0.0,0.0,0.0,0.0,0.0,0.0,1.0
3131,1.0,0.6700055599212646,0.5787423253059387,0.3127434551715851,0.1457985490560531,0.1057317778468132,0.047857541590929,0.0217028371989727,0.0300500839948654,0.0111296605318784,0.0222593210637569,0.0094602117314934,0.0,0.0211463551968336,0.0077907624654471,0.0228158049285411,0.0244852527976036,0.0233722869306802,0.0406232625246048,0.0255982186645269,0.0428491942584514,0.0495269894599914,0.0567612685263156,0.0823594853281975,0.0795770734548568,0.1163049563765525,0.1274346113204956,0.132999449968338,0.1558152437210083,0.1463550329208374,0.1419031769037246,0.1363383382558822,0.1157484725117683,0.1185308843851089,0.0923761799931526,0.089593768119812,0.1007234305143356,0.0890372842550277,0.1001669466495514,0.0784641057252883,0.0968280434608459,0.0979410111904144,0.0829159691929817,0.102949358522892,0.0856983885169029,0.0823594853281975,0.0851419046521186,0.0667779669165611,0.0879243165254592,0.0639955475926399,0.0773511379957199,0.074012242257595,0.0617696158587932,0.0790205895900726,0.0589872002601623,0.0756816938519477,0.0784641057252883,0.0662214830517768,0.0901502519845962,0.0751252099871635,0.087367832660675,0.0818030014634132,0.076238177716732,0.0990539789199829,0.0779076218605041,0.0773511379957199,0.0973845273256301,0.0773511379957199,0.1074012219905853,0.1012799143791198,0.1335559338331222,0.1825264394283294,0.2097941040992736,0.2487479150295257,0.2515303194522857,0.2426265925168991,0.2548692226409912,0.2248191386461257,0.1886477470397948,0.1352253705263137,0.1107401251792907,0.1057317778468132,0.0779076218605041,0.0834724530577659,0.0712298303842544,0.0667779669165611,0.074012242257595,0.0445186421275138,0.0728992745280265,0.1547022759914398,0.5353366732597351,0.975514769554138,0.6772398352622986,0.6455203294754028,0.3455759584903717,0.1830829232931136,0.1691708415746688,0.0779076218605041,0.0868113487958908,0.0539788529276847,0.0528658889234066,0.0495269894599914,0.0450751259922981,0.0667779669165611,0.0445186421275138,0.061213131994009,0.061213131994009,0.0495269894599914,0.0801335573196411,0.061213131994009,0.0812465250492095,0.0,0.0,0.0,0.0,0.0,0.0,0.0,0.0,0.0,0.0,0.0,0.0,0.0,0.0,0.0,0.0,0.0,0.0,0.0,0.0,0.0,0.0,0.0,0.0,0.0,0.0,0.0,0.0,0.0,0.0,0.0,0.0,0.0,0.0,0.0,0.0,0.0,0.0,0.0,0.0,0.0,0.0,0.0,0.0,0.0,0.0,0.0,0.0,0.0,0.0,0.0,0.0,0.0,0.0,0.0,0.0,0.0,0.0,0.0,0.0,0.0,0.0,0.0,0.0,0.0,0.0,0.0,0.0,0.0,0.0,0.0,0.0,0.0,0.0,0.0,0.0,1.0
4006,1.0,0.7885792255401611,0.2494901418685912,0.0,0.1529571712017059,0.2957172095775604,0.3881713151931762,0.301155686378479,0.3086335957050323,0.2991162538528442,0.2753229141235351,0.3174711167812347,0.3093133866786957,0.3303875029087066,0.3222297728061676,0.33106729388237,0.3548606336116791,0.3575798869132996,0.3834126591682433,0.3881713151931762,0.405846357345581,0.4588715136051177,0.471108078956604,0.5030591487884521,0.5152957439422609,0.5411284565925598,0.5703603029251099,0.6016315221786499,0.6125084757804872,0.6009517312049866,0.6009517312049866,0.6145479083061217,0.5696805119514465,0.5472467541694641,0.4996601045131683,0.4418762624263763,0.4180829226970672,0.3834126591682433,0.3691366314888,0.3548606336116791,0.3365057706832886,0.3528212010860443,0.3351461589336395,0.3351461589336395,0.3405846357345581,0.3269884288311004,0.3501019775867462,0.3358259797096252,0.3467029333114624,0.33786541223526,0.3473827242851257,0.3569000661373138,0.3337865471839905,0.3473827242851257,0.3385452032089233,0.3317471146583556,0.3215499520301819,0.3276682496070862,0.3718558847904205,0.4296396970748901,0.4276002645492553,0.4785859882831573,0.4901427626609801,0.5241332650184631,0.5180149674415588,0.5248130559921265,0.5384092330932617,0.4765465557575226,0.4194425642490386,0.3806934058666228,0.3106729984283447,0.2957172095775604,0.2766825258731842,0.2855200469493865,0.2549286186695099,0.2508497536182403,0.2596872746944427,0.242012232542038,0.3337865471839905,0.4112848341464996,0.6906865835189819,0.8966689109802246,0.5778381824493408,0.1060503050684928,0.0639021098613739,0.1611148864030838,0.3745751082897186,0.3256288170814514,0.265805572271347,0.2895989120006561,0.2705642282962799,0.3018354773521423,0.2997960448265076,0.3147518634796142,0.3297076821327209,0.3004758656024933,0.3297076821327209,0.3235893845558166,0.3446635007858276,0.3732154965400696,0.3813732266426086,0.4174031317234039,0.4289599061012268,0.4493541717529297,0.4921821951866149,0.5030591487884521,0.5547246932983398,0.5642420053482056,0.5778381824493408,0.5866757035255432,0.5955132842063904,0.5961930751800537,0.588715136051178,0.5642420053482056,0.5254928469657898,0.4622705578804016,0.4513936042785644,0.3861318826675415,0.37593474984169,0.3541808426380157,0.3235893845558166,0.3467029333114624,0.3269884288311004,0.3079537749290466,0.3439836800098419,0.3154316842556,0.3331067264080048,0.3154316842556,0.3242692053318024,0.3433038890361785,0.3344663381576538,0.3195105493068695,0.3290278613567352,0.3188307285308837,0.3208701610565185,0.3188307285308837,0.3072739541530608,0.318150907754898,0.3507817685604095,0.4051665663719176,0.4078857898712158,0.4486743807792664,0.4595513343811035,0.4874235093593597,0.5044187903404236,0.4799456298351288,0.0,0.0,0.0,0.0,0.0,0.0,0.0,0.0,0.0,0.0,0.0,0.0,0.0,0.0,0.0,0.0,0.0,0.0,0.0,0.0,0.0,0.0,0.0,0.0,0.0,0.0,0.0,0.0,0.0,0.0,0.0,0.0,0.0,0.0,0.0,0.0,0.0,0.0,0.0,0.0,0.0,0.0
152,1.0,0.62820965051651,0.308125227689743,0.26767498254776,0.3077734708786011,0.3833978176116943,0.4868097007274628,0.5205768346786499,0.5177628993988037,0.5128385424613953,0.5304256081581116,0.5191698670387268,0.5054519772529602,0.5170594453811646,0.5244460105895996,0.5230390429496765,0.4927892982959747,0.5001758933067322,0.5072106719017029,0.5198733806610107,0.4987688958644866,0.5202251076698303,0.5043967366218567,0.4899753928184508,0.477664440870285,0.4685191810131073,0.463946521282196,0.4540977776050568,0.4344002902507781,0.4460077285766601,0.4308828711509704,0.4590221643447876,0.4688709080219269,0.4797748923301697,0.4723883271217345,0.4818853437900543,0.4752022624015808,0.4730918109416961,0.4477664530277252,0.4470629692077636,0.47027787566185,0.4558565020561217,0.4284206926822662,0.431586354970932,0.438621163368225,0.4351037740707397,0.4344002902507781,0.4301793873310088,0.4052057564258576,0.4241997897624969,0.4104818999767304,0.4164614975452423,0.3950052857398986,0.404854029417038,0.3960604965686798,0.4080196917057037,0.4055575132369995,0.3784734308719635,0.3946535289287567,0.3784734308719635,0.3974674642086029,0.4027435779571532,0.392543077468872,0.3981709480285644,0.4203306436538696,0.4400281310081481,0.4484699368476868,0.4607808589935303,0.4597256481647491,0.4604291319847106,0.4213858544826508,0.4340485334396362,0.3974674642086029,0.3848047852516174,0.3577207028865814,0.3295814394950866,0.3123461008071899,0.3176222443580627,0.3035525977611542,0.3014421463012696,0.2922968566417694,0.3077734708786011,0.2870207428932189,0.2500879466533661,0.4744987785816192,0.7351389527320861,0.4773126840591431,0.0717551857233047,0.0,0.0351741127669811,0.1245163530111312,0.2015476673841476,0.2247625738382339,0.2258177995681762,0.2377769947052001,0.228983461856842,0.245515301823616,0.2409426718950272,0.2272247672080993,0.0,0.0,0.0,0.0,0.0,0.0,0.0,0.0,0.0,0.0,0.0,0.0,0.0,0.0,0.0,0.0,0.0,0.0,0.0,0.0,0.0,0.0,0.0,0.0,0.0,0.0,0.0,0.0,0.0,0.0,0.0,0.0,0.0,0.0,0.0,0.0,0.0,0.0,0.0,0.0,0.0,0.0,0.0,0.0,0.0,0.0,0.0,0.0,0.0,0.0,0.0,0.0,0.0,0.0,0.0,0.0,0.0,0.0,0.0,0.0,0.0,0.0,0.0,0.0,0.0,0.0,0.0,0.0,0.0,0.0,0.0,0.0,0.0,0.0,0.0,0.0,0.0,0.0,0.0,0.0,0.0,0.0,0.0,0.0,0.0,0.0,0.0,0.0,1.0
453,0.917803406715393,0.7708989381790161,0.6306400895118712,0.5865687131881714,0.4819867014884949,0.3805526494979858,0.3203917443752289,0.2605806291103363,0.237495630979538,0.2378454059362411,0.2371458560228348,0.2318992614746093,0.2105631381273269,0.2665267586708069,0.2469394952058792,0.2413431257009506,0.230849951505661,0.2423924505710601,0.2298006266355514,0.2528856098651885,0.237495630979538,0.2346974462270736,0.2214060872793197,0.226302906870842,0.2605806291103363,0.2521860897541046,0.2490381300449371,0.2735221982002258,0.2651276588439941,0.2854144871234894,0.2630290389060974,0.2773697078227997,0.2777194678783417,0.2633787989616394,0.262679249048233,0.2773697078227997,0.2752710878849029,0.2525358498096466,0.3189926445484161,0.3147953748703003,0.2801678776741028,0.2584819793701172,0.2630290389060974,0.2672263085842132,0.2182581275701522,0.2581322193145752,0.2521860897541046,0.2717733383178711,0.2539349496364593,0.2556838095188141,0.2430919855833053,0.2483385801315308,0.2210563123226165,0.2560335695743561,0.2644281089305877,0.2472892552614212,0.2770199477672577,0.2483385801315308,0.294158786535263,0.2367960810661316,0.2605806291103363,0.2637285888195038,0.2521860897541046,0.2357467710971832,0.2696747183799744,0.2602308392524719,0.2696747183799744,0.2665267586708069,0.3084994852542876,0.3074501454830169,0.3252885639667511,0.3361315131187439,0.3473242521286011,0.4060860574245453,0.3644630908966064,0.3833508193492889,0.3630640208721161,0.3133963048458099,0.2539349496364593,0.2563833594322204,0.2497376650571823,0.2291010916233062,0.2221056371927261,0.2091640383005142,0.2056663185358047,0.237495630979538,0.1843301802873611,0.0814970284700393,0.0,0.0755508914589881,0.3585169613361358,0.8156698346138,1.0,0.7715984582901002,0.645330548286438,0.5802727937698364,0.4669464826583862,0.4130814969539642,0.3515215218067168,0.237495630979538,0.2154599577188492,0.2277019917964935,0.2483385801315308,0.2081147283315658,0.2147604078054428,0.2165092676877975,0.246589720249176,0.2186079025268554,0.2175585925579071,0.2182581275701522,0.2161594927310944,0.0,0.0,0.0,0.0,0.0,0.0,0.0,0.0,0.0,0.0,0.0,0.0,0.0,0.0,0.0,0.0,0.0,0.0,0.0,0.0,0.0,0.0,0.0,0.0,0.0,0.0,0.0,0.0,0.0,0.0,0.0,0.0,0.0,0.0,0.0,0.0,0.0,0.0,0.0,0.0,0.0,0.0,0.0,0.0,0.0,0.0,0.0,0.0,0.0,0.0,0.0,0.0,0.0,0.0,0.0,0.0,0.0,0.0,0.0,0.0,0.0,0.0,0.0,0.0,0.0,0.0,0.0,0.0,0.0,0.0,0.0,0.0,0.0,0.0,0.0,0.0,1.0
3064,1.0,0.7505567669868469,0.5434298515319824,0.0538975484669208,0.0057906457222998,0.0797327384352684,0.0841870829463004,0.068151444196701,0.0726057887077331,0.0779509991407394,0.060579065233469,0.0743875280022621,0.0654788389801979,0.072160355746746,0.0659242793917656,0.0565701574087142,0.0525612458586692,0.0449888631701469,0.0614699348807334,0.0757238343358039,0.0561247207224369,0.0547884181141853,0.0556792877614498,0.0378619171679019,0.0485523380339145,0.0530066825449466,0.0663697123527526,0.0868596881628036,0.1135857477784156,0.1469933241605758,0.1314031183719635,0.1616926491260528,0.1389755010604858,0.1367483288049698,0.1483296155929565,0.1256124675273895,0.1394209414720535,0.1256124675273895,0.1238307356834411,0.1287305057048797,0.11759465187788,0.1327394247055053,0.123385302722454,0.1349665969610214,0.1514476686716079,0.1282850801944732,0.1336302906274795,0.1354120224714279,0.1358574628829956,0.1443207114934921,0.1501113623380661,0.14788419008255,0.1496659219264984,0.1523385345935821,0.1487750560045242,0.1358574628829956,0.1670378595590591,0.1567928791046142,0.1501113623380661,0.1812917590141296,0.1897550076246261,0.2298440933227539,0.2129175961017609,0.2285078018903732,0.216035634279251,0.2089086920022964,0.2133630216121673,0.2031180411577224,0.1746102422475814,0.1835189312696457,0.1572383046150207,0.1710467636585235,0.1358574628829956,0.1305122524499893,0.14788419008255,0.1224944293498992,0.1167037859559059,0.2427616864442825,0.4837416410446167,0.9309576749801636,0.8752784132957457,0.6748329401016235,0.1349665969610214,0.0,0.0881959944963455,0.1042316257953643,0.0957683771848678,0.0810690447688102,0.0685968846082687,0.0819599106907844,0.0677060112357139,0.0824053436517715,0.0717149227857589,0.0748329609632492,0.0864142552018165,0.0788418725132942,0.0,0.0,0.0,0.0,0.0,0.0,0.0,0.0,0.0,0.0,0.0,0.0,0.0,0.0,0.0,0.0,0.0,0.0,0.0,0.0,0.0,0.0,0.0,0.0,0.0,0.0,0.0,0.0,0.0,0.0,0.0,0.0,0.0,0.0,0.0,0.0,0.0,0.0,0.0,0.0,0.0,0.0,0.0,0.0,0.0,0.0,0.0,0.0,0.0,0.0,0.0,0.0,0.0,0.0,0.0,0.0,0.0,0.0,0.0,0.0,0.0,0.0,0.0,0.0,0.0,0.0,0.0,0.0,0.0,0.0,0.0,0.0,0.0,0.0,0.0,0.0,0.0,0.0,0.0,0.0,0.0,0.0,0.0,0.0,0.0,0.0,0.0,0.0,0.0,0.0,0.0,1.0
1657,1.0,0.6806056499481201,0.4664744138717651,0.193222776055336,0.092285506427288,0.1247296333312988,0.2134102433919906,0.4188897013664245,0.4852198958396912,0.5010814666748047,0.5407354235649109,0.5090122818946838,0.5328046083450316,0.5299206972122192,0.528478741645813,0.5248738527297974,0.5320836305618286,0.541456401348114,0.5032444000244141,0.5018024444580078,0.5443403124809265,0.5191059708595276,0.5335255861282349,0.5010814666748047,0.4772891104221344,0.4996395111083984,0.4700793027877808,0.4780100882053375,0.4340302944183349,0.408795952796936,0.4477289021015167,0.4210526347160339,0.4599855840206145,0.4744051992893218,0.5010814666748047,0.547945201396942,0.5573179721832275,0.5717375874519348,0.547224223613739,0.541456401348114,0.5623648166656494,0.5349675416946411,0.5407354235649109,0.541456401348114,0.5241528749465942,0.5263158082962036,0.5133381485939026,0.5436193346977234,0.5169430375099182,0.5104542374610901,0.5356885194778441,0.5133381485939026,0.5450612902641296,0.5010814666748047,0.515501081943512,0.5537130236625671,0.5263158082962036,0.5356885194778441,0.5082913041114807,0.5126171708106995,0.5349675416946411,0.5090122818946838,0.5227108597755432,0.5075702667236328,0.5046863555908203,0.528478741645813,0.4981975555419922,0.5075702667236328,0.5075702667236328,0.4888248145580292,0.5313626527786255,0.4902667701244353,0.5082913041114807,0.4953136146068573,0.5010814666748047,0.5082913041114807,0.4989185333251952,0.5681326389312744,0.5796683430671692,0.6085075736045836,0.6351838707923889,0.6438356041908264,0.698630154132843,0.6827685832977295,0.6020187735557556,0.591204047203064,0.5739005208015442,0.5875991582870483,0.5349675416946411,0.4599855840206145,0.4686373472213744,0.4758471548557281,0.4837779402732848,0.4325883090496063,0.1982696503400802,0.1045421808958053,0.5169430375099182,0.9992790222167968,0.6878154277801514,0.367700070142746,0.1067051216959953,0.0,0.0346070639789104,0.1542898267507553,0.3345349729061126,0.4405190944671631,0.4448449909687041,0.4679163694381714,0.4729632437229157,0.4462869465351105,0.4996395111083984,0.4643114507198334,0.4866618514060974,0.449170857667923,0.4405190944671631,0.4859408736228943,0.4607065618038177,0.0,0.0,0.0,0.0,0.0,0.0,0.0,0.0,0.0,0.0,0.0,0.0,0.0,0.0,0.0,0.0,0.0,0.0,0.0,0.0,0.0,0.0,0.0,0.0,0.0,0.0,0.0,0.0,0.0,0.0,0.0,0.0,0.0,0.0,0.0,0.0,0.0,0.0,0.0,0.0,0.0,0.0,0.0,0.0,0.0,0.0,0.0,0.0,0.0,0.0,0.0,0.0,0.0,0.0,0.0,0.0,0.0,0.0,0.0,0.0,0.0,0.0,0.0,0.0,0.0,0.0,0.0,0.0,0.0,0.0,1.0
1540,0.9058079123497008,0.9981384873390196,0.578927755355835,0.3179449141025543,0.2416232377290725,0.152271032333374,0.0897244960069656,0.0796723738312721,0.0789277702569961,0.0688756480813026,0.0621742382645607,0.0658972486853599,0.0562174245715141,0.0703648552298545,0.0658972486853599,0.0681310519576072,0.0889798924326896,0.0718540549278259,0.0793000757694244,0.0994043201208114,0.1057334318757057,0.1310498863458633,0.1109456419944763,0.1336559951305389,0.155621737241745,0.1731198877096176,0.1995532363653182,0.2144452780485153,0.2501861453056335,0.2714073061943054,0.2911392450332641,0.31124347448349,0.3134772777557373,0.3279970288276672,0.3358153402805328,0.3160834014415741,0.2985852658748626,0.2498138546943664,0.2311988025903701,0.1962025314569472,0.1649292558431625,0.1492926329374313,0.1228592693805694,0.1243484765291214,0.1142963543534278,0.1083395406603813,0.1116902455687522,0.0908413976430892,0.101265825331211,0.1023827269673347,0.103871926665306,0.1131794527173042,0.0971705168485641,0.105361133813858,0.0994043201208114,0.1154132559895515,0.1031273305416107,0.0882352963089943,0.1005212217569351,0.0889798924326896,0.0923306047916412,0.0964259132742881,0.0785554721951484,0.0789277702569961,0.0789277702569961,0.0711094588041305,0.0785554721951484,0.0558451227843761,0.0625465363264083,0.0673864483833313,0.0573343262076377,0.0662695467472076,0.0506329126656055,0.0703648552298545,0.0487714074552059,0.0428145937621593,0.0502606108784675,0.0320178717374801,0.0435591973364353,0.043931495398283,0.0424422919750213,0.0457930006086826,0.0342516750097274,0.0349962785840034,0.039836186915636,0.0383469834923744,0.043931495398283,0.0316455699503421,0.039836186915636,0.0469099022448062,0.0480268038809299,0.0789277702569961,0.0800446793437004,0.0930752083659172,0.1090841367840766,0.1344005912542343,0.1563663482666015,0.125465378165245,0.147058829665184,0.1202531680464744,0.0960536077618598,0.0476545058190822,0.019731942564249,0.0271779596805572,0.0134028298780322,0.01600893586874,0.0122859273105859,0.0,0.0059568132273852,0.0163812357932329,0.0148920323699712,0.0219657476991415,0.0889798924326896,0.2840655148029327,0.6049888134002686,1.0,0.9032017588615416,0.501116931438446,0.2967237532138824,0.2040208429098128,0.1113179475069046,0.0800446793437004,0.0647803395986557,0.060312733054161,0.0543559193611144,0.0469099022448062,0.0532390177249908,0.0428145937621593,0.0498883090913295,0.0580789260566234,0.0536113195121288,0.0629188418388366,0.0480268038809299,0.0658972486853599,0.0752047672867774,0.0908413976430892,0.0,0.0,0.0,0.0,0.0,0.0,0.0,0.0,0.0,0.0,0.0,0.0,0.0,0.0,0.0,0.0,0.0,0.0,0.0,0.0,0.0,0.0,0.0,0.0,0.0,0.0,0.0,0.0,0.0,0.0,0.0,0.0,0.0,0.0,0.0,0.0,0.0,0.0,0.0,0.0,0.0,0.0,0.0,0.0,0.0,0.0,0.0,0.0,0.0,0.0,0.0,1.0
3143,0.9055283665657043,0.8957312703132628,0.7095870971679688,0.5430371165275574,0.4625612199306488,0.380685806274414,0.3233030140399933,0.3037088811397552,0.2806158065795898,0.2946116030216217,0.3009097278118133,0.3268019556999206,0.286214143037796,0.3100070059299469,0.3107067942619324,0.2981105744838714,0.3358992338180541,0.3533939719200134,0.3596920967102051,0.3519943952560425,0.3575927317142486,0.3247025907039642,0.3435969352722168,0.3771868348121643,0.3778866231441498,0.361091673374176,0.3351994454860687,0.3659901916980744,0.3365990221500397,0.3673897683620453,0.3750874698162079,0.3268019556999206,0.3023093044757843,0.2876137197017669,0.2162351310253143,0.2001399546861648,0.1574527621269226,0.1469559073448181,0.1882435232400894,0.1350594758987426,0.1077676713466644,0.1756473034620285,0.191742479801178,0.190342903137207,0.2064380645751952,0.165150448679924,0.2211336642503738,0.1483554989099502,0.1910426914691924,0.2141357660293579,0.2078376561403274,0.2050384879112244,0.2120363861322402,0.2400279939174652,0.1945416331291198,0.2197340726852416,0.2442267388105392,0.2043386995792389,0.2330300956964492,0.2043386995792389,0.2386284172534942,0.255423367023468,0.1938418447971344,0.2442267388105392,0.2302309274673461,0.2218334525823593,0.2442267388105392,0.2778166532516479,0.2953114211559296,0.3177046775817871,0.3296011090278625,0.3533939719200134,0.372288316488266,0.3827851712703705,0.3652904033660888,0.3337998688220978,0.275017499923706,0.2582225203514099,0.2519244253635406,0.1616515070199966,0.1007697656750679,0.1427571773529052,0.1357592791318893,0.1420573890209198,0.1833449900150299,0.1868439465761184,0.173547938466072,0.1623512953519821,0.1889433115720749,0.159552127122879,0.0580825768411159,0.0,0.1252624243497848,0.5199440121650696,1.0,0.9699090123176576,0.8565430641174316,0.6578026413917542,0.56962913274765,0.5311406850814819,0.4121763408184052,0.4135759174823761,0.4219734072685241,0.4086773991584778,0.4177746772766113,0.4086773991584778,0.4450664818286896,0.3848845362663269,0.4128761291503905,0.4184744656085968,0.3848845362663269,0.4380685687065125,0.447165846824646,0.4016794860363007,0.0,0.0,0.0,0.0,0.0,0.0,0.0,0.0,0.0,0.0,0.0,0.0,0.0,0.0,0.0,0.0,0.0,0.0,0.0,0.0,0.0,0.0,0.0,0.0,0.0,0.0,0.0,0.0,0.0,0.0,0.0,0.0,0.0,0.0,0.0,0.0,0.0,0.0,0.0,0.0,0.0,0.0,0.0,0.0,0.0,0.0,0.0,0.0,0.0,0.0,0.0,0.0,0.0,0.0,0.0,0.0,0.0,0.0,0.0,0.0,0.0,0.0,0.0,0.0,0.0,0.0,0.0,0.0,0.0,0.0,0.0,0.0,0.0,1.0
2773,1.0,0.8491619825363158,0.3601203262805938,0.1529866755008697,0.0098839709535241,0.0309411250054836,0.1181779131293296,0.136656641960144,0.1370863765478134,0.136656641960144,0.1495487689971923,0.1555650979280471,0.1675977706909179,0.1749033033847808,0.1800601631402969,0.1839278042316436,0.1761925220489502,0.1813493818044662,0.184357538819313,0.1959604620933532,0.1972496807575225,0.2110012918710709,0.220455527305603,0.2316287010908126,0.2410829365253448,0.247529000043869,0.2582724392414093,0.2771809101104736,0.2948001623153686,0.3132789134979248,0.3291791975498199,0.3437902927398681,0.3532445132732391,0.3614095449447632,0.3648474514484405,0.3609797954559326,0.348947137594223,0.3205844461917876,0.2935109436511993,0.2612806260585785,0.2316287010908126,0.2067039161920547,0.1903738677501678,0.1817791163921356,0.1637301295995712,0.1680275052785873,0.1611516922712326,0.1559948474168777,0.152127206325531,0.1443919241428375,0.1538461595773697,0.1581435352563858,0.151267722249031,0.1486892998218536,0.152127206325531,0.1482595652341842,0.1577138006687164,0.1555650979280471,0.1547056287527084,0.1585732698440551,0.1551353633403778,0.1615814417600631,0.1633003801107406,0.1620111763477325,0.1628706455230713,0.1590030044317245,0.1525569409132003,0.1461108773946762,0.1418134868144989,0.1362269073724746,0.1405242830514907,0.1396647989749908,0.1452513933181762,0.1370863765478134,0.1418134868144989,0.1439621895551681,0.1486892998218536,0.1525569409132003,0.1564245820045471,0.1577138006687164,0.1469703465700149,0.1572840511798858,0.1615814417600631,0.1654490828514099,0.1731843501329422,0.1701761931180954,0.1628706455230713,0.166738286614418,0.1671680212020874,0.1671680212020874,0.1680275052785873,0.1701761931180954,0.1620111763477325,0.1607219576835632,0.1581435352563858,0.1607219576835632,0.1684572398662567,0.1723248809576034,0.1753330528736114,0.1688869744539261,0.1779114753007888,0.1865062266588211,0.1869359761476516,0.1809196323156356,0.1834980696439743,0.1830683350563049,0.1920928210020065,0.1920928210020065,0.1895143985748291,0.1976794153451919,0.201976791024208,0.2011173218488692,0.2114310264587402,0.2269015908241272,0.2281908094882964,0.2638590335845947,0.2771809101104736,0.3016759753227233,0.3072625696659088,0.2870648801326752,0.2677266895771026,0.2531155943870544,0.2264718562364578,0.2032660096883773,0.1830683350563049,0.1641598641872406,0.1577138006687164,0.1525569409132003,0.1478298306465149,0.1413837522268295,0.103566825389862,0.1181779131293296,0.2105715572834015,0.5685431957244873,0.9888268113136292,0.9333906173706056,0.5999140739440918,0.2621400952339172,0.0816501900553703,0.0,0.0812204554677009,0.1254834532737732,0.133648470044136,0.131499782204628,0.1448216587305068,0.1495487689971923,0.1486892998218536,0.0,0.0,0.0,0.0,0.0,0.0,0.0,0.0,0.0,0.0,0.0,0.0,0.0,0.0,0.0,0.0,0.0,0.0,0.0,0.0,0.0,0.0,0.0,0.0,0.0,0.0,0.0,0.0,0.0,0.0,0.0,0.0,0.0,0.0,0.0,0.0,0.0,0.0,0.0,0.0,0.0
2469,1.0,0.775611639022827,0.4480122327804565,0.0787461772561073,0.0,0.049694187939167,0.162844032049179,0.2060397565364837,0.2289755344390869,0.2385321110486984,0.2450305819511413,0.2507645189762115,0.2503822743892669,0.2549694180488586,0.2557339370250701,0.2595565617084503,0.2530581057071686,0.2431192696094512,0.2549694180488586,0.2660550475120544,0.2824923694133758,0.285932719707489,0.2912844121456146,0.3061926662921905,0.3153669834136963,0.3253058195114136,0.3295106887817383,0.3283639252185821,0.3360091745853424,0.3402140736579895,0.340978592634201,0.3421253859996796,0.3478593230247497,0.3566513657569884,0.3623853325843811,0.3505351543426513,0.338685005903244,0.3260703384876251,0.3272171318531036,0.3230122327804565,0.3230122327804565,0.3207186460494995,0.3146024346351623,0.3191896080970764,0.3279816508293152,0.3214831948280334,0.3264526128768921,0.3222477138042449,0.3356269001960754,0.3348623812198639,0.3275993764400482,0.3233945071697235,0.3161315023899078,0.3149847090244292,0.3134556710720062,0.305428147315979,0.3130733966827392,0.3042813539505005,0.3084862530231476,0.305045872926712,0.303134560585022,0.3016054928302765,0.3126911222934723,0.3371559679508208,0.3467125296592712,0.3574159145355224,0.3589449524879455,0.3631498515605927,0.3566513657569884,0.3253058195114136,0.2909021377563476,0.268730878829956,0.2587920427322388,0.243501529097557,0.226299688220024,0.222477063536644,0.226681962609291,0.226299688220024,0.2305045872926712,0.2071865499019622,0.3019877672195434,0.4866207838058472,0.7186544537544249,0.9881498217582704,0.5370795130729675,0.3119266033172607,0.0045871557667851,0.0061162081547081,0.0607798174023628,0.1613149791955948,0.199159026145935,0.2117736935615539,0.2117736935615539,0.2175076454877853,0.2236238569021224,0.2285932749509811,0.2301223278045654,0.243501529097557,0.2545871436595917,0.0,0.0,0.0,0.0,0.0,0.0,0.0,0.0,0.0,0.0,0.0,0.0,0.0,0.0,0.0,0.0,0.0,0.0,0.0,0.0,0.0,0.0,0.0,0.0,0.0,0.0,0.0,0.0,0.0,0.0,0.0,0.0,0.0,0.0,0.0,0.0,0.0,0.0,0.0,0.0,0.0,0.0,0.0,0.0,0.0,0.0,0.0,0.0,0.0,0.0,0.0,0.0,0.0,0.0,0.0,0.0,0.0,0.0,0.0,0.0,0.0,0.0,0.0,0.0,0.0,0.0,0.0,0.0,0.0,0.0,0.0,0.0,0.0,0.0,0.0,0.0,0.0,0.0,0.0,0.0,0.0,0.0,0.0,0.0,0.0,0.0,0.0,0.0,1.0
2187,0.9781746268272402,0.6889880895614624,0.5252976417541504,0.1636904776096344,0.0,0.1106150820851326,0.141865074634552,0.1552579402923584,0.210317462682724,0.1716269850730896,0.1924603134393692,0.1969245970249176,0.1785714328289032,0.2113095223903656,0.1750992089509964,0.2083333283662796,0.2197420597076416,0.2023809552192688,0.2321428507566452,0.2033730149269104,0.2261904776096344,0.2490079402923584,0.2341269850730896,0.2569444477558136,0.22420634329319,0.2638888955116272,0.2713293731212616,0.2648809552192688,0.2976190447807312,0.2708333432674408,0.30158731341362,0.2966269850730896,0.28125,0.3035714328289032,0.2698412835597992,0.2901785671710968,0.2748015820980072,0.2435515820980072,0.2509920597076416,0.2023809552192688,0.2123015820980072,0.2038690447807312,0.1726190447807312,0.1924603134393692,0.1537698358297348,0.184523805975914,0.1795634925365448,0.16170634329319,0.1830357164144516,0.1582341343164444,0.1755952388048172,0.1875,0.1631944477558136,0.1969245970249176,0.1641865074634552,0.1889880895614624,0.1939484179019928,0.1711309552192688,0.1909722238779068,0.1656745970249176,0.1825396865606308,0.1924603134393692,0.1602182537317276,0.1860119104385376,0.147817462682724,0.1775793582201004,0.1736111044883728,0.1488095223903656,0.1810515820980072,0.1438492089509964,0.162202388048172,0.1656745970249176,0.1473214328289032,0.1800595223903656,0.1443452388048172,0.164682537317276,0.1696428507566452,0.1468254029750824,0.1711309552192688,0.1378968209028244,0.1567460298538208,0.1641865074634552,0.1443452388048172,0.1636904776096344,0.141865074634552,0.159226194024086,0.170634925365448,0.1612103134393692,0.1994047611951828,0.1875,0.2023809552192688,0.2197420597076416,0.2549603283405304,0.2807539701461792,0.2232142835855484,0.2197420597076416,0.1865079402923584,0.1636904776096344,0.1557539701461792,0.1086309552192688,0.112103171646595,0.1230158731341362,0.0902777761220932,0.122023805975914,0.0932539701461792,0.1111111119389534,0.0788690447807312,0.020833333954215,0.1949404776096344,0.3888888955116272,0.6914682388305664,1.0,0.78125,0.5803571343421936,0.2123015820980072,0.0272817462682724,0.0932539701461792,0.1001984104514122,0.150297611951828,0.1483134925365448,0.1582341343164444,0.1711309552192688,0.1517857164144516,0.1860119104385376,0.1542658656835556,0.1736111044883728,0.1830357164144516,0.1686507910490036,0.1994047611951828,0.181547611951828,0.2008928507566452,0.21329365670681,0.1914682537317276,0.0,0.0,0.0,0.0,0.0,0.0,0.0,0.0,0.0,0.0,0.0,0.0,0.0,0.0,0.0,0.0,0.0,0.0,0.0,0.0,0.0,0.0,0.0,0.0,0.0,0.0,0.0,0.0,0.0,0.0,0.0,0.0,0.0,0.0,0.0,0.0,0.0,0.0,0.0,0.0,0.0,0.0,0.0,0.0,0.0,0.0,0.0,0.0,0.0,0.0,0.0,0.0,0.0,0.0,1.0
606,0.982779800891876,0.6281262636184692,0.3181631863117218,0.0,0.0258302576839923,0.0795407965779304,0.0606806054711341,0.0459204576909542,0.0586305856704711,0.0463304631412029,0.0549405477941036,0.0479704812169075,0.0295202955603599,0.045100450515747,0.0438704378902912,0.04715047031641,0.0393603928387165,0.0344403460621833,0.0459204576909542,0.0344403460621833,0.0287002865225076,0.0356703549623489,0.0164001639932394,0.028290282934904,0.0311603117734193,0.0426404252648353,0.0541205406188964,0.0717507153749466,0.1025010272860527,0.097990982234478,0.1164411678910255,0.1180811822414398,0.1041410416364669,0.1131611317396164,0.0971709713339805,0.0996309965848922,0.1078310757875442,0.1008610054850578,0.1127511262893676,0.0881508812308311,0.0877408757805824,0.1066010668873786,0.1033210307359695,0.1008610054850578,0.0971709713339805,0.1004510074853897,0.1025010272860527,0.1049610525369644,0.1061910614371299,0.1090610921382904,0.1004510074853897,0.1143911406397819,0.1029110327363014,0.1098810955882072,0.1074210777878761,0.1201312020421028,0.1172611713409423,0.1115211173892021,0.119721196591854,0.125871255993843,0.141041412949562,0.1828618347644805,0.1562115550041198,0.168511688709259,0.1607216000556945,0.1824518293142318,0.1758917570114135,0.157441571354866,0.1689216941595077,0.1242312416434288,0.138171374797821,0.1094710975885391,0.0963509604334831,0.1004510074853897,0.0811808109283447,0.0738007351756096,0.1193111911416053,0.3271832764148712,0.5428454279899597,1.0,0.6478064656257628,0.3944239318370819,0.0036900369450449,0.03239032253623,0.0729807317256927,0.0647806450724601,0.0627306252717971,0.0508405081927776,0.068470686674118,0.0549405477941036,0.0582205839455127,0.0660106614232063,0.053710538893938,0.0631406307220459,0.0492004938423633,0.0,0.0,0.0,0.0,0.0,0.0,0.0,0.0,0.0,0.0,0.0,0.0,0.0,0.0,0.0,0.0,0.0,0.0,0.0,0.0,0.0,0.0,0.0,0.0,0.0,0.0,0.0,0.0,0.0,0.0,0.0,0.0,0.0,0.0,0.0,0.0,0.0,0.0,0.0,0.0,0.0,0.0,0.0,0.0,0.0,0.0,0.0,0.0,0.0,0.0,0.0,0.0,0.0,0.0,0.0,0.0,0.0,0.0,0.0,0.0,0.0,0.0,0.0,0.0,0.0,0.0,0.0,0.0,0.0,0.0,0.0,0.0,0.0,0.0,0.0,0.0,0.0,0.0,0.0,0.0,0.0,0.0,0.0,0.0,0.0,0.0,0.0,0.0,0.0,0.0,0.0,0.0,1.0
2247,0.9665246605873108,0.8648813366889954,0.4540474712848663,0.2337188124656676,0.1503347605466842,0.1107729747891426,0.0888618379831314,0.091296412050724,0.0505173467099666,0.0675593391060829,0.0529519170522689,0.0486914180219173,0.0578210577368736,0.0273889228701591,0.0620815567672252,0.0632988438010215,0.0827754139900207,0.0955569073557853,0.0724284872412681,0.097991481423378,0.0900791212916374,0.0748630538582801,0.0961655527353286,0.0833840519189834,0.1247717589139938,0.1351186782121658,0.1290322542190551,0.1600730419158935,0.142422392964363,0.1941570341587066,0.2069385200738906,0.2251978069543838,0.2525867223739624,0.2544126510620116,0.2994522154331207,0.3122337162494659,0.3073645830154419,0.3091905117034912,0.2556299567222595,0.2799756526947021,0.237979307770729,0.2148508876562118,0.1978088915348052,0.1612903177738189,0.1521606743335724,0.1351186782121658,0.1205112636089324,0.1290322542190551,0.1010346934199333,0.1272063255310058,0.1259890496730804,0.1241631135344505,0.1308581829071045,0.1065124794840812,0.1442483216524124,0.1290322542190551,0.129640907049179,0.1314668357372284,0.1223371848464012,0.1539866030216217,0.1290322542190551,0.1186853349208831,0.1259890496730804,0.1101643368601799,0.1278149783611297,0.1229458302259445,0.1168594062328338,0.1144248321652412,0.0998174101114273,0.1253803968429565,0.1211199015378952,0.1162507608532905,0.1205112636089324,0.0967741906642913,0.1205112636089324,0.09251369535923,0.10042604804039,0.1113816201686859,0.0900791212916374,0.1192939728498458,0.0919050499796867,0.091296412050724,0.1089470461010932,0.0809494853019714,0.129640907049179,0.094948261976242,0.0986001193523406,0.0943396240472793,0.0919050499796867,0.1144248321652412,0.0967741906642913,0.0967741906642913,0.1107729747891426,0.088253192603588,0.1265976876020431,0.1071211174130439,0.1125989034771919,0.1186853349208831,0.1077297627925872,0.143031045794487,0.1186853349208831,0.1205112636089324,0.1150334775447845,0.094948261976242,0.1253803968429565,0.1125989034771919,0.1199026182293892,0.1205112636089324,0.1022519767284393,0.137553259730339,0.1186853349208831,0.1369446069002151,0.2002434581518172,0.1771150380373001,0.2349360883235931,0.1941570341587066,0.2172854542732238,0.2574558854103088,0.1856360286474228,0.1758977472782135,0.1418137550354004,0.1381618976593017,0.1095556914806366,0.0779062658548355,0.0931223407387733,0.0687766298651695,0.0779062658548355,0.0864272639155387,0.0432136319577693,0.0,0.1448569744825363,0.5118685364723206,0.9172245860099792,1.0,0.6506390571594238,0.2793669998645782,0.1667681038379669,0.145465612411499,0.0888618379831314,0.1095556914806366,0.091296412050724,0.0803408399224281,0.0693852677941322,0.0712111964821815,0.1034692600369453,0.0803408399224281,0.0852099806070327,0.0894704833626747,0.08460134267807,0.1217285469174385,0.0888618379831314,0.085818625986576,0.1046865507960319,0.1071211174130439,0.1272063255310058,0.1059038341045379,0.0,0.0,0.0,0.0,0.0,0.0,0.0,0.0,0.0,0.0,0.0,0.0,0.0,0.0,0.0,0.0,0.0,0.0,0.0,0.0,0.0,0.0,0.0,0.0,0.0,0.0,0.0,0.0,0.0,0.0,0.0,0.0
3096,1.0,0.4233346581459045,0.0945999175310134,0.0626724511384964,0.0701616108417511,0.0579424500465393,0.0429641306400299,0.0453291274607181,0.038628302514553,0.0413874648511409,0.0508474558591842,0.0425699651241302,0.0599132850766181,0.0524241216480732,0.0591249503195285,0.0658257752656936,0.063066616654396,0.0843515992164611,0.0815924331545829,0.0973590835928916,0.113125741481781,0.1147024035453796,0.1466298848390579,0.1525423675775528,0.1710681915283203,0.1891998350620269,0.184469848871231,0.1947181671857833,0.1706740260124206,0.1667323559522628,0.1647615283727646,0.1458415389060974,0.1616082042455673,0.1466298848390579,0.1478123813867568,0.1576665341854095,0.1403232216835022,0.1584548652172088,0.1592431962490081,0.184469848871231,0.2002364993095397,0.2057548314332962,0.2234923094511032,0.2230981439352035,0.2534489631652832,0.234528973698616,0.2085139900445938,0.1947181671857833,0.1371698826551437,0.1229798942804336,0.1103665754199028,0.0847457647323608,0.0949940904974937,0.0733149424195289,0.0721324384212493,0.0792274326086044,0.0748916044831275,0.210484817624092,0.3180922269821167,0.5266062021255493,0.9057942628860473,0.7280251979827882,0.2274339795112609,0.0279858093708753,0.0283799767494201,0.0256208125501871,0.0027591644320636,0.0126133225858211,0.0,0.0019708317704498,0.0063066612929105,0.0019708317704498,0.01418998837471,0.0019708317704498,0.0,0.0,0.0,0.0,0.0,0.0,0.0,0.0,0.0,0.0,0.0,0.0,0.0,0.0,0.0,0.0,0.0,0.0,0.0,0.0,0.0,0.0,0.0,0.0,0.0,0.0,0.0,0.0,0.0,0.0,0.0,0.0,0.0,0.0,0.0,0.0,0.0,0.0,0.0,0.0,0.0,0.0,0.0,0.0,0.0,0.0,0.0,0.0,0.0,0.0,0.0,0.0,0.0,0.0,0.0,0.0,0.0,0.0,0.0,0.0,0.0,0.0,0.0,0.0,0.0,0.0,0.0,0.0,0.0,0.0,0.0,0.0,0.0,0.0,0.0,0.0,0.0,0.0,0.0,0.0,0.0,0.0,0.0,0.0,0.0,0.0,0.0,0.0,0.0,0.0,0.0,0.0,0.0,0.0,0.0,0.0,0.0,0.0,0.0,0.0,0.0,0.0,0.0,0.0,0.0,0.0,0.0,0.0,0.0,0.0,0.0,0.0,0.0,1.0
194,0.9826402664184568,0.5030278563499451,0.1344368159770965,0.0,0.0593459829688072,0.1001211106777191,0.1178845390677452,0.1186919659376144,0.1199031099677085,0.1348405331373214,0.1174808219075202,0.1267662495374679,0.1203068196773529,0.1247476786375045,0.1368591040372848,0.1194993928074836,0.1199031099677085,0.110213965177536,0.1182882487773895,0.136051669716835,0.1207105368375778,0.1340330988168716,0.1291885375976562,0.1368591040372848,0.1534113883972168,0.139685109257698,0.1610819548368454,0.1622930914163589,0.1764230877161026,0.2042793631553649,0.2006459385156631,0.224061369895935,0.2248687893152237,0.2349616438150405,0.2607993483543396,0.249899074435234,0.2547436356544494,0.2389987856149673,0.2224465012550354,0.2280985116958618,0.1893419474363327,0.1780379563570022,0.1602745205163955,0.1489705294370651,0.1558336764574051,0.1340330988168716,0.1392813920974731,0.1340330988168716,0.1340330988168716,0.1582559496164322,0.142914816737175,0.1538151055574417,0.1517965346574783,0.1602745205163955,0.1776342391967773,0.1663302332162857,0.1853048056364059,0.182075098156929,0.1865159422159194,0.2075090855360031,0.1857085227966308,0.1966087967157364,0.1901493668556213,0.1832862347364425,0.2014533728361129,0.1832862347364425,0.1905530840158462,0.1812676638364792,0.1857085227966308,0.2038756608963012,0.1861122399568557,0.1901493668556213,0.1768268048763275,0.1735970973968505,0.1917642354965209,0.1719822436571121,0.1844973713159561,0.1869196593761444,0.1933790892362594,0.2305207848548889,0.2389987856149673,0.2660476267337799,0.2886556386947632,0.2995559275150299,0.2612030804157256,0.2119499444961548,0.2289059311151504,0.1889382302761077,0.1719822436571121,0.1812676638364792,0.1622930914163589,0.1626968085765838,0.1517965346574783,0.1461445242166519,0.1598708182573318,0.1437222510576248,0.1566410958766937,0.1497779637575149,0.1509891003370285,0.165522813796997,0.1408962458372116,0.1760193854570388,0.1905530840158462,0.3266047537326813,0.7803794741630553,1.0,0.5106984376907349,0.1570448130369186,0.0411788448691368,0.1211142539978027,0.1445296704769134,0.1542188078165054,0.1562373787164688,0.1501816660165786,0.1586596667766571,0.1404925286769866,0.1574485301971435,0.1530076712369918,0.1453371047973632,0.1667339503765106,0.152200236916542,0.1574485301971435,0.1453371047973632,0.1449333876371383,0.1626968085765838,0.14251109957695,0.0,0.0,0.0,0.0,0.0,0.0,0.0,0.0,0.0,0.0,0.0,0.0,0.0,0.0,0.0,0.0,0.0,0.0,0.0,0.0,0.0,0.0,0.0,0.0,0.0,0.0,0.0,0.0,0.0,0.0,0.0,0.0,0.0,0.0,0.0,0.0,0.0,0.0,0.0,0.0,0.0,0.0,0.0,0.0,0.0,0.0,0.0,0.0,0.0,0.0,0.0,0.0,0.0,0.0,0.0,0.0,0.0,0.0,0.0,0.0,0.0,1.0
